{
	"credit": "Made with Blockbench",
	"textures": {
		"0": "mechanization:gadgets/item/energy_saber/energy_saber_white"
	},
    "display": {
        "thirdperson_righthand": {
            "rotation": [ 0, 90, 5 ],
            "translation": [ 0, 4.5, 0.5 ],
            "scale": [ 1.1, 1.1, 1.1 ]
        },
        "thirdperson_lefthand": {
            "rotation": [ 0, -90, -5 ],
            "translation": [ 0, 4.5, 0.5 ],
            "scale": [ 1.1, 1.1, 1.1 ]
        },
        "firstperson_righthand": {
            "rotation": [ 0, 90, 0 ],
            "translation": [ 0, 4, 0.0 ],
            "scale": [ 0.68, 0.68, 0.68 ]
        },
        "firstperson_lefthand": {
            "rotation": [ 0, -90, -0 ],
            "translation": [ 0, 4, 0.0 ],
            "scale": [ 0.68, 0.68, 0.68 ]
        },
        "gui": {
            "rotation": [ 0, 0, -45 ],
            "translation": [ 0, 0, 0 ],
            "scale": [ 1, 1, 1 ]
        },
        "head": {
            "rotation": [ 0, 0, -90 ],
            "translation": [ 0, -40, 0 ],
            "scale": [ 2, 2, 2 ]
        }
    },
	"elements": [
		{
			"from": [7.7, 0, 6.5],
			"to": [8.3, 4, 9.5],
			"rotation": {"angle": 0, "axis": "y", "origin": [8, 0, 8]},
			"faces": {
				"north": {"uv": [0, 0, 4, 16], "texture": "#0"},
				"east": {"uv": [0, 0, 4, 16], "texture": "#0"},
				"south": {"uv": [0, 0, 4, 16], "texture": "#0"},
				"west": {"uv": [0, 0, 4, 16], "texture": "#0"},
				"up": {"uv": [0, 4, 4, 8], "texture": "#0"},
				"down": {"uv": [0, 4, 4, 8], "texture": "#0"}
			}
		},
		{
			"from": [7.7, 0, 6.5],
			"to": [8.3, 4, 9.5],
			"rotation": {"angle": 22.5, "axis": "y", "origin": [8, 0, 8]},
			"faces": {
				"north": {"uv": [0, 0, 4, 16], "texture": "#0"},
				"east": {"uv": [0, 0, 4, 16], "texture": "#0"},
				"south": {"uv": [0, 0, 4, 16], "texture": "#0"},
				"west": {"uv": [0, 0, 4, 16], "texture": "#0"},
				"up": {"uv": [0, 4, 4, 8], "texture": "#0"},
				"down": {"uv": [0, 4, 4, 8], "texture": "#0"}
			}
		},
		{
			"from": [7.7, 0, 6.5],
			"to": [8.3, 4, 9.5],
			"rotation": {"angle": 45, "axis": "y", "origin": [8, 0, 8]},
			"faces": {
				"north": {"uv": [0, 0, 4, 16], "texture": "#0"},
				"east": {"uv": [0, 0, 4, 16], "texture": "#0"},
				"south": {"uv": [0, 0, 4, 16], "texture": "#0"},
				"west": {"uv": [0, 0, 4, 16], "texture": "#0"},
				"up": {"uv": [0, 4, 4, 8], "texture": "#0"},
				"down": {"uv": [0, 4, 4, 8], "texture": "#0"}
			}
		},
		{
			"from": [6.5, 0, 7.7],
			"to": [9.5, 4, 8.3],
			"rotation": {"angle": -22.5, "axis": "y", "origin": [8, 0, 8]},
			"faces": {
				"north": {"uv": [0, 0, 4, 16], "texture": "#0"},
				"east": {"uv": [0, 0, 4, 16], "texture": "#0"},
				"south": {"uv": [0, 0, 4, 16], "texture": "#0"},
				"west": {"uv": [0, 0, 4, 16], "texture": "#0"},
				"up": {"uv": [0, 4, 4, 8], "rotation": 270, "texture": "#0"},
				"down": {"uv": [0, 4, 4, 8], "rotation": 90, "texture": "#0"}
			}
		},
		{
			"from": [6.5, 0, 7.7],
			"to": [9.5, 4, 8.3],
			"rotation": {"angle": 0, "axis": "y", "origin": [8, 0, 8]},
			"faces": {
				"north": {"uv": [0, 0, 4, 16], "texture": "#0"},
				"east": {"uv": [0, 0, 4, 16], "texture": "#0"},
				"south": {"uv": [0, 0, 4, 16], "texture": "#0"},
				"west": {"uv": [0, 0, 4, 16], "texture": "#0"},
				"up": {"uv": [0, 4, 4, 8], "rotation": 270, "texture": "#0"},
				"down": {"uv": [0, 4, 4, 8], "rotation": 90, "texture": "#0"}
			}
		},
		{
			"from": [6.5, 0, 7.7],
			"to": [9.5, 4, 8.3],
			"rotation": {"angle": 22.5, "axis": "y", "origin": [8, 0, 8]},
			"faces": {
				"north": {"uv": [0, 0, 4, 16], "texture": "#0"},
				"east": {"uv": [0, 0, 4, 16], "texture": "#0"},
				"south": {"uv": [0, 0, 4, 16], "texture": "#0"},
				"west": {"uv": [0, 0, 4, 16], "texture": "#0"},
				"up": {"uv": [0, 4, 4, 8], "rotation": 270, "texture": "#0"},
				"down": {"uv": [0, 4, 4, 8], "rotation": 90, "texture": "#0"}
			}
		},
		{
			"from": [6.5, 0, 7.7],
			"to": [9.5, 4, 8.3],
			"rotation": {"angle": 45, "axis": "y", "origin": [8, 0, 8]},
			"faces": {
				"north": {"uv": [0, 0, 4, 16], "texture": "#0"},
				"east": {"uv": [0, 0, 4, 16], "texture": "#0"},
				"south": {"uv": [0, 0, 4, 16], "texture": "#0"},
				"west": {"uv": [0, 0, 4, 16], "texture": "#0"},
				"up": {"uv": [0, 4, 4, 8], "rotation": 270, "texture": "#0"},
				"down": {"uv": [0, 4, 4, 8], "rotation": 90, "texture": "#0"}
			}
		},
		{
			"from": [7.7, 0, 6.5],
			"to": [8.3, 4, 9.5],
			"rotation": {"angle": -22.5, "axis": "y", "origin": [8, 0, 8]},
			"faces": {
				"north": {"uv": [0, 0, 4, 16], "texture": "#0"},
				"east": {"uv": [0, 0, 4, 16], "texture": "#0"},
				"south": {"uv": [0, 0, 4, 16], "texture": "#0"},
				"west": {"uv": [0, 0, 4, 16], "texture": "#0"},
				"up": {"uv": [0, 4, 4, 8], "rotation": 180, "texture": "#0"},
				"down": {"uv": [0, 4, 4, 8], "rotation": 180, "texture": "#0"}
			}
		},
		{
			"from": [7.8, 4, 7],
			"to": [8.2, 18, 9],
			"rotation": {"angle": 0, "axis": "y", "origin": [8, 4, 8]},
			"faces": {
				"north": {"uv": [15, 0, 15.6, 12], "texture": "#0"},
				"south": {"uv": [15, 0, 15.6, 12], "texture": "#0"},
				"up": {"uv": [12, 0, 16, 4], "texture": "#0"}
			}
		},
		{
			"from": [7.8, 4, 7],
			"to": [8.2, 18, 9],
			"rotation": {"angle": 22.5, "axis": "y", "origin": [8, 4, 8]},
			"faces": {
				"north": {"uv": [15, 0, 15.6, 12], "texture": "#0"},
				"south": {"uv": [15, 0, 15.6, 12], "texture": "#0"},
				"up": {"uv": [12, 0, 16, 4], "texture": "#0"}
			}
		},
		{
			"from": [7.8, 4, 7],
			"to": [8.2, 18, 9],
			"rotation": {"angle": 45, "axis": "y", "origin": [8, 4, 8]},
			"faces": {
				"north": {"uv": [15, 0, 15.6, 12], "texture": "#0"},
				"south": {"uv": [15, 0, 15.6, 12], "texture": "#0"},
				"up": {"uv": [12, 0, 16, 4], "texture": "#0"}
			}
		},
		{
			"from": [7, 4, 7.8],
			"to": [9, 18, 8.2],
			"rotation": {"angle": -22.5, "axis": "y", "origin": [8, 4, 8]},
			"faces": {
				"east": {"uv": [15, 0, 15.6, 12], "texture": "#0"},
				"west": {"uv": [15, 0, 15.6, 12], "texture": "#0"},
				"up": {"uv": [12, 0, 16, 4], "rotation": 270, "texture": "#0"}
			}
		},
		{
			"from": [7, 4, 7.8],
			"to": [9, 18, 8.2],
			"rotation": {"angle": 0, "axis": "y", "origin": [8, 4, 8]},
			"faces": {
				"east": {"uv": [15, 0, 15.6, 12], "texture": "#0"},
				"west": {"uv": [15, 0, 15.6, 12], "texture": "#0"},
				"up": {"uv": [12, 0, 16, 4], "rotation": 270, "texture": "#0"}
			}
		},
		{
			"from": [7, 4, 7.8],
			"to": [9, 18, 8.2],
			"rotation": {"angle": 22.5, "axis": "y", "origin": [8, 4, 8]},
			"faces": {
				"east": {"uv": [15, 0, 15.6, 12], "texture": "#0"},
				"west": {"uv": [15, 0, 15.6, 12], "texture": "#0"},
				"up": {"uv": [12, 0, 16, 4], "rotation": 270, "texture": "#0"}
			}
		},
		{
			"from": [7, 4, 7.8],
			"to": [9, 18, 8.2],
			"rotation": {"angle": 45, "axis": "y", "origin": [8, 4, 8]},
			"faces": {
				"east": {"uv": [15, 0, 15.6, 12], "texture": "#0"},
				"west": {"uv": [15, 0, 15.6, 12], "texture": "#0"},
				"up": {"uv": [12, 0, 16, 4], "rotation": 270, "texture": "#0"}
			}
		},
		{
			"from": [7.8, 4, 7],
			"to": [8.2, 18, 9],
			"rotation": {"angle": -22.5, "axis": "y", "origin": [8, 4, 8]},
			"faces": {
				"north": {"uv": [15, 0, 15.6, 12], "texture": "#0"},
				"south": {"uv": [15, 0, 15.6, 12], "texture": "#0"},
				"up": {"uv": [12, 0, 16, 4], "rotation": 180, "texture": "#0"}
			}
		}
	]
}