{
    "parent":"mechanization:base/model_block",
    "textures": {
        "0": "mechanization:assembly/block/auto_jukebox_top",
        "1": "mechanization:assembly/block/auto_jukebox_side"
    },
    "elements": [
        {
            "name": "base/block",
            "from": [ 0.0, 0.0, 0.0 ], 
            "to": [ 16.0, 16.0, 16.0 ], 
            "faces": {
                "north": 	{ "texture": "#1", "uv": [ 0.0, 0.0, 16.0, 16.0 ] },
                "east": 	{ "texture": "#1", "uv": [ 0.0, 0.0, 16.0, 16.0 ] },
                "south": 	{ "texture": "#1", "uv": [ 0.0, 0.0, 16.0, 16.0 ] },
                "west": 	{ "texture": "#1", "uv": [ 0.0, 0.0, 16.0, 16.0 ] },
                "up": 		{ "texture": "#0", "uv": [ 0.0, 0.0, 16.0, 16.0 ] },
                "down": 	{ "texture": "#1", "uv": [ 0.0, 0.0, 16.0, 16.0 ] }
            }
        }
    ]
}