{
    "parent":"mechanization:base/model_block",
	"credit": "Made with Blockbench",
	"textures": {
		"0": "mechanization:assembly/block/item_pipe",
		"1": "mechanization:assembly/block/item_extractor",
		"particle": "mechanization:assembly/block/item_pipe"
	},
	"display": {
        "fixed": {
            "rotation": [ -90, 0, 0 ],
            "translation": [ 0, 0, -16 ],
            "scale": [ 2.001, 2.001, 2.001 ]
        }
	},
	"elements": [
		{
			"name": "Down",
			"from": [6, 0, 6],
			"to": [10, 6, 10],
			"faces": {
				"north": {"uv": [6, 10, 10, 16], "texture": "#0"},
				"east": {"uv": [6, 10, 10, 16], "texture": "#0"},
				"south": {"uv": [6, 10, 10, 16], "texture": "#0"},
				"west": {"uv": [6, 10, 10, 16], "texture": "#0"},
				"up": {"uv": [6, 6, 10, 10], "texture": "#0"}
			}
		},
		{
			"name": "Down",
			"from": [2, 0, 2],
			"to": [14, 3, 14],
			"faces": {
				"north": {"uv": [2, 0, 14, 3], "rotation": 180, "texture": "#1"},
				"east": {"uv": [2, 0, 14, 3], "rotation": 180, "texture": "#1"},
				"south": {"uv": [2, 0, 14, 3], "rotation": 180, "texture": "#1"},
				"west": {"uv": [2, 0, 14, 3], "rotation": 180, "texture": "#1"},
				"up": {"uv": [2, 4, 14, 16], "texture": "#1"},
				"down": {"uv": [2, 4, 14, 16], "texture": "#1"}
			}
		}
	]
}