{
    "parent":"mechanization:base/model_block",
    "textures": {
        "0": "mechanization:assembly/block/speed_hopper_side_1",
		"1": "mechanization:assembly/block/speed_hopper_side_2"
    },
    "elements": [
        {
            "name": "Top",
            "from": [ -0.01, 10.01, -0.01 ], 
            "to": [ 16.01, 16.01, 16.01 ], 
            "faces": {
                "north": { "texture": "#1", "uv": [ 0.0, 0.0, 16.0, 7.0 ] },
				"south": { "texture": "#1", "uv": [ 0.0, 0.0, 16.0, 7.0 ] },
				"east": { "texture": "#0", "uv": [ 0.0, 0.0, 16.0, 7.0 ] },
				"west": { "texture": "#0", "uv": [ 0.0, 0.0, 16.0, 7.0 ] }
            }
        }
    ]
}