{
	"credit": "Made with Blockbench",
    "parent":"mechanization:machines/block/conductive_cable/cable",
	"elements": [
		{
			"from": [9, 9, 1],
			"to": [10, 10, 15],
			"rotation": {"angle": 0, "axis": "x", "origin": [8, 8, 8]},
			"faces": {
				"east": {"uv": [1, 7, 15, 8], "texture": "#0"},
				"west": {"uv": [1, 4, 15, 5], "rotation": 180, "texture": "#0"},
				"up": {"uv": [1, 7, 15, 8], "rotation": 270, "texture": "#0"},
				"down": {"uv": [1, 7, 15, 8], "rotation": 270, "texture": "#0"}
			}
		},
		{
			"from": [9, 6, 1],
			"to": [10, 7, 15],
			"rotation": {"angle": 0, "axis": "x", "origin": [8, 8, 8]},
			"faces": {
				"east": {"uv": [1, 7, 15, 8], "texture": "#0"},
				"west": {"uv": [1, 4, 15, 5], "rotation": 180, "texture": "#0"},
				"up": {"uv": [1, 7, 15, 8], "rotation": 270, "texture": "#0"},
				"down": {"uv": [1, 7, 15, 8], "rotation": 270, "texture": "#0"}
			}
		},
		{
			"from": [6, 6, 1],
			"to": [7, 7, 15],
			"rotation": {"angle": 0, "axis": "x", "origin": [8, 8, 8]},
			"faces": {
				"east": {"uv": [1, 7, 15, 8], "texture": "#0"},
				"west": {"uv": [1, 4, 15, 5], "rotation": 180, "texture": "#0"},
				"up": {"uv": [1, 4, 15, 5], "rotation": 270, "texture": "#0"},
				"down": {"uv": [1, 4, 15, 5], "rotation": 270, "texture": "#0"}
			}
		},
		{
			"from": [7, 7, 1],
			"to": [9, 9, 15],
			"rotation": {"angle": 0, "axis": "x", "origin": [8, 8, 8]},
			"faces": {
				"east": {"uv": [1, 5, 15, 7], "texture": "#0"},
				"west": {"uv": [1, 5, 15, 7], "rotation": 180, "texture": "#0"},
				"up": {"uv": [1, 5, 15, 7], "rotation": 270, "texture": "#0"},
				"down": {"uv": [1, 5, 15, 7], "rotation": 270, "texture": "#0"}
			}
		},
		{
			"from": [6, 9, 1],
			"to": [7, 10, 15],
			"rotation": {"angle": 0, "axis": "x", "origin": [8, 8, 8]},
			"faces": {
				"east": {"uv": [1, 7, 15, 8], "texture": "#0"},
				"west": {"uv": [1, 4, 15, 5], "rotation": 180, "texture": "#0"},
				"up": {"uv": [1, 4, 15, 5], "rotation": 270, "texture": "#0"},
				"down": {"uv": [1, 4, 15, 5], "rotation": 270, "texture": "#0"}
			}
		},
		{
			"from": [6, 6, 0],
			"to": [10, 10, 1],
			"rotation": {"angle": 0, "axis": "x", "origin": [8, 8, 8]},
			"faces": {
				"north": {"uv": [4, 0, 8, 4], "rotation": 90, "texture": "#0"},
				"east": {"uv": [7, 0, 8, 4], "texture": "#0"},
				"south": {"uv": [4, 0, 8, 4], "rotation": 270, "texture": "#0"},
				"west": {"uv": [4, 0, 5, 4], "rotation": 180, "texture": "#0"},
				"up": {"uv": [7, 0, 8, 4], "rotation": 270, "texture": "#0"},
				"down": {"uv": [4, 0, 5, 4], "rotation": 270, "texture": "#0"}
			}
		},
		{
			"from": [6, 6, 15],
			"to": [10, 10, 16],
			"rotation": {"angle": 0, "axis": "x", "origin": [8, 8, 8]},
			"faces": {
				"north": {"uv": [4, 0, 8, 4], "rotation": 90, "texture": "#0"},
				"east": {"uv": [4, 0, 5, 4], "texture": "#0"},
				"south": {"uv": [4, 0, 8, 4], "rotation": 270, "texture": "#0"},
				"west": {"uv": [7, 0, 8, 4], "rotation": 180, "texture": "#0"},
				"up": {"uv": [4, 0, 5, 4], "rotation": 270, "texture": "#0"},
				"down": {"uv": [7, 0, 8, 4], "rotation": 270, "texture": "#0"}
			}
		}
	],
	"groups": [
		{
			"name": "2s",
			"origin": [8, 8, 8],
			"color": 0,
			"children": [0, 1, 2, 3, 4, 5, 6]
		}
	]
}