{
    "providers": [
		{
			"type": "reference",
			"id": "minecraft:default"
		},
		{
            "type": "bitmap",
            "file": "mechanization:gadgets/font/heat_bar.png",
			"ascent": 8,
			"height": 10,
			"chars": ["\uee00\uee01","\uee02\uee03","\uee04\uee05"]
        },
		{
            "type": "bitmap",
            "file": "mechanization:base/font/machine_crafting_table.png",
			"ascent": 13,
			"height": 256,
			"chars": ["\uee06"]
        },
		{
            "type": "bitmap",
            "file": "mechanization:base/font/left_click_icon.png",
			"ascent": 13,
			"height": 256,
			"chars": ["\uee07"]
        },
		{
            "type": "bitmap",
            "file": "mechanization:base/font/right_click_icon.png",
			"ascent": 8,
			"height": 10,
			"chars": ["\uee08"]
        },
		{
            "type": "bitmap",
            "file": "mechanization:machines/font/steam_generator.png",
			"ascent": 13,
			"height": 256,
			"chars": ["\uee09"]
        },
		{
            "type": "bitmap",
            "file": "mechanization:machines/font/alloy_furnace.png",
			"ascent": 13,
			"height": 256,
			"chars": ["\uee0a"]
        },
		{
            "type": "bitmap",
            "file": "mechanization:machines/font/liquid_tank_block.png",
			"ascent": 13,
			"height": 256,
			"chars": ["\uee0b"]
        },
		{
            "type": "bitmap",
            "file": "mechanization:machines/font/arc_furnace.png",
			"ascent": 13,
			"height": 256,
			"chars": ["\uee0c"]
        },
		{
            "type": "bitmap",
            "file": "mechanization:machines/font/casting_basin.png",
			"ascent": 13,
			"height": 256,
			"chars": ["\uee0d"]
        },
		{
            "type": "bitmap",
            "file": "mechanization:machines/font/thermoelectric_generator.png",
			"ascent": 13,
			"height": 256,
			"chars": ["\uee0e"]
        },
		{
            "type": "bitmap",
            "file": "mechanization:machines/font/enchanting_station.png",
			"ascent": 13,
			"height": 256,
			"chars": ["\uee0f"]
        },
		{
            "type": "bitmap",
            "file": "mechanization:assembly/font/dye_machine.png",
			"ascent": 13,
			"height": 256,
			"chars": ["\uee10"]
        },
		{
            "type": "bitmap",
            "file": "mechanization:base/font/mech_small_icon.png",
			"ascent": 8,
			"height": 8,
			"chars": ["\uee11"]
        }
    ]
}