{
    "providers": [
		{
			"type": "reference",
			"id": "minecraft:default"
		},
		{
            "type": "bitmap",
            "file": "mechanization:base/font/manual/mech_logo.png",
			"ascent": 26,
			"height": 52,
			"chars": ["\uee00"]
        },
		{
            "type": "bitmap",
            "file": "mechanization:base/font/manual/title_page.png",
			"ascent": 26,
			"height": 100,
			"chars": ["\uee01"]
        },
		{
            "type": "bitmap",
            "file": "mechanization:base/font/manual/default_page.png",
			"ascent": 26,
			"height": 155,
			"chars": ["\uee02"]
        },
		{
            "type": "bitmap",
            "file": "mechanization:base/font/manual/default_page_recipe.png",
			"ascent": 26,
			"height": 155,
			"chars": ["\uee03"]
        },
		{
            "type": "bitmap",
            "file": "mechanization:base/font/manual/crafting_icon.png",
			"ascent": 25,
			"height": 32,
			"chars": ["\uee04"]
        },
		{
            "type": "bitmap",
            "file": "mechanization:base/font/manual/apps_page.png",
			"ascent": 26,
			"height": 36,
			"chars": ["\uee05"]
        },
		{
            "type": "bitmap",
            "file": "mechanization:base/font/manual/apps_border.png",
			"ascent": 8,
			"height": 32,
			"chars": ["\uee06\uee07"]
        },
		{
            "type": "bitmap",
            "file": "mechanization:base/font/manual/base_icon.png",
			"ascent": 8,
			"height": 32,
			"chars": ["\uee08"]
        },
		{
            "type": "bitmap",
            "file": "mechanization:base/font/manual/machines_icon.png",
			"ascent": 8,
			"height": 32,
			"chars": ["\uee09"]
        },
		{
            "type": "bitmap",
            "file": "mechanization:base/font/manual/nuclear_icon.png",
			"ascent": 8,
			"height": 32,
			"chars": ["\uee0a"]
        },
		{
            "type": "bitmap",
            "file": "mechanization:base/font/manual/gadgets_icon.png",
			"ascent": 8,
			"height": 32,
			"chars": ["\uee0b"]
        },
		{
            "type": "bitmap",
            "file": "mechanization:base/font/manual/assembly_icon.png",
			"ascent": 8,
			"height": 32,
			"chars": ["\uee0c"]
        },
		{
            "type": "bitmap",
            "file": "mechanization:base/font/manual/tcc_icon.png",
			"ascent": 8,
			"height": 32,
			"chars": ["\uee0d"]
        },
		{
            "type": "bitmap",
            "file": "mechanization:base/font/manual/return_arrow.png",
			"ascent": 12,
			"height": 12,
			"chars": ["\uee0e"]
        },
		{
            "type": "bitmap",
            "file": "mechanization:base/font/manual/index_border_sides.png",
			"ascent": 9,
			"height": 18,
			"chars": ["\uee10\uee11"]
        },
		{
            "type": "bitmap",
            "file": "mechanization:base/font/manual/index_border_top.png",
			"ascent": 2,
			"height": 4,
			"chars": ["\uee12"]
        },
		{
            "type": "bitmap",
            "file": "mechanization:base/font/manual/index_border_bottom.png",
			"ascent": 9,
			"height": 10,
			"chars": ["\uee13"]
        },
		{
            "type": "bitmap",
            "file": "mechanization:base/font/manual/index_icon/spacer.png",
			"ascent": 0,
			"height": 1,
			"chars": ["\uee14"]
        },
		{
            "type": "bitmap",
            "file": "mechanization:base/font/manual/index_icon/blank.png",
			"ascent": 8,
			"height": 18,
			"chars": ["\uee15"]
        },
		{
            "type": "bitmap",
            "file": "mechanization:base/item/manual.png",
			"ascent": 16,
			"height": 16,
			"chars": ["\uee20"]
        },
		{
            "type": "bitmap",
            "file": "mechanization:base/font/manual/recipe/mechanical_manual.png",
			"ascent": 8,
			"height": 64,
			"chars": ["\uee21\uee22"]
        },
		{
            "type": "bitmap",
            "file": "mechanization:base/font/manual/index_icon/getting_started.png",
			"ascent": 8,
			"height": 18,
			"chars": ["\uee23"]
        },
		{
            "type": "bitmap",
            "file": "mechanization:base/font/manual/index_icon/machine_crafting_table.png",
			"ascent": 8,
			"height": 18,
			"chars": ["\uee24"]
        },
		{
            "type": "bitmap",
            "file": "mechanization:base/font/manual/index_icon/wrench.png",
			"ascent": 8,
			"height": 18,
			"chars": ["\uee25"]
        },
		{
            "type": "bitmap",
            "file": "mechanization:base/font/manual/index_icon/multimeter.png",
			"ascent": 8,
			"height": 18,
			"chars": ["\uee26"]
        },
		{
            "type": "bitmap",
            "file": "mechanization:base/font/manual/index_icon/grid_ids.png",
			"ascent": 8,
			"height": 18,
			"chars": ["\uee27"]
        },
		{
            "type": "bitmap",
            "file": "mechanization:base/font/manual/index_icon/rods.png",
			"ascent": 8,
			"height": 18,
			"chars": ["\uee28"]
        },
		{
            "type": "bitmap",
            "file": "mechanization:base/font/manual/index_icon/tier_1_battery.png",
			"ascent": 8,
			"height": 18,
			"chars": ["\uee29"]
        },
		{
            "type": "bitmap",
            "file": "mechanization:base/font/manual/index_icon/tier_1_capacitor.png",
			"ascent": 8,
			"height": 18,
			"chars": ["\uee2a"]
        },
		{
            "type": "bitmap",
            "file": "mechanization:base/font/manual/index_icon/tier_1_machine_frame.png",
			"ascent": 8,
			"height": 18,
			"chars": ["\uee2b"]
        },
		{
            "type": "bitmap",
            "file": "mechanization:base/font/manual/index_icon/vial.png",
			"ascent": 8,
			"height": 18,
			"chars": ["\uee2c"]
        },
		{
            "type": "bitmap",
            "file": "mechanization:base/font/manual/index_icon/plates.png",
			"ascent": 8,
			"height": 18,
			"chars": ["\uee2d"]
        },
		{
            "type": "bitmap",
            "file": "mechanization:base/font/manual/index_icon/tier_2_battery.png",
			"ascent": 8,
			"height": 18,
			"chars": ["\uee2e"]
        },
		{
            "type": "bitmap",
            "file": "mechanization:base/font/manual/index_icon/tier_2_capacitor.png",
			"ascent": 8,
			"height": 18,
			"chars": ["\uee2f"]
        },
		{
            "type": "bitmap",
            "file": "mechanization:base/font/manual/index_icon/tier_2_machine_frame.png",
			"ascent": 8,
			"height": 18,
			"chars": ["\uee30"]
        },
		{
            "type": "bitmap",
            "file": "mechanization:base/font/manual/index_icon/energy_relay.png",
			"ascent": 8,
			"height": 18,
			"chars": ["\uee31"]
        },
		{
            "type": "bitmap",
            "file": "mechanization:base/font/manual/index_icon/gears.png",
			"ascent": 8,
			"height": 18,
			"chars": ["\uee32"]
        },
		{
            "type": "bitmap",
            "file": "mechanization:base/font/manual/index_icon/tier_3_battery.png",
			"ascent": 8,
			"height": 18,
			"chars": ["\uee33"]
        },
		{
            "type": "bitmap",
            "file": "mechanization:base/font/manual/index_icon/tier_3_capacitor.png",
			"ascent": 8,
			"height": 18,
			"chars": ["\uee34"]
        },
		{
            "type": "bitmap",
            "file": "mechanization:base/font/manual/index_icon/tier_3_machine_frame.png",
			"ascent": 8,
			"height": 18,
			"chars": ["\uee35"]
        },
		{
            "type": "bitmap",
            "file": "mechanization:base/font/manual/index_icon/machine_upgrade.png",
			"ascent": 8,
			"height": 18,
			"chars": ["\uee37"]
        },
		{
            "type": "bitmap",
            "file": "mechanization:base/font/manual/index_icon/ender_upgrade.png",
			"ascent": 8,
			"height": 18,
			"chars": ["\uee38"]
        },
		{
            "type": "bitmap",
            "file": "mechanization:base/font/manual/index_icon/nether_upgrade.png",
			"ascent": 8,
			"height": 18,
			"chars": ["\uee39"]
        },
		{ "type": "bitmap", "ascent": 16, "height": 16, "chars": ["\uee3a"],       "file": "mechanization:base/font/manual/page_icon/machine_crafting_table.png" },
		{ "type": "bitmap", "ascent": 8,  "height": 64, "chars": ["\uee3b\uee3c"], "file": "mechanization:base/font/manual/recipe/machine_crafting_table.png" },
		{ "type": "bitmap", "ascent": 16, "height": 16, "chars": ["\uee3d"],       "file": "mechanization:base/item/wrench.png" },
		{ "type": "bitmap", "ascent": 8,  "height": 64, "chars": ["\uee3e\uee3f"], "file": "mechanization:base/font/manual/recipe/wrench.png" },
		{ "type": "bitmap", "ascent": 16, "height": 16, "chars": ["\uee40"],       "file": "mechanization:base/item/multimeter.png" },
		{ "type": "bitmap", "ascent": 8,  "height": 64, "chars": ["\uee41\uee42"], "file": "mechanization:base/font/manual/recipe/multimeter.png" },
		{ "type": "bitmap", "ascent": 16, "height": 16, "chars": ["\uee43"],       "file": "mechanization:base/item/copper_rod.png" },
		{ "type": "bitmap", "ascent": 8,  "height": 64, "chars": ["\uee44\uee45"], "file": "mechanization:base/font/manual/recipe/rod.png" },
		{ "type": "bitmap", "ascent": 16, "height": 16, "chars": ["\uee46"],       "file": "mechanization:base/item/copper_plate.png" },
		{ "type": "bitmap", "ascent": 8,  "height": 64, "chars": ["\uee47\uee48"], "file": "mechanization:base/font/manual/recipe/plate.png" },
		{ "type": "bitmap", "ascent": 16, "height": 16, "chars": ["\uee49"],       "file": "mechanization:base/item/copper_gear.png" },
		{ "type": "bitmap", "ascent": 8,  "height": 64, "chars": ["\uee4a\uee4b"], "file": "mechanization:base/font/manual/recipe/gear.png" },
		{ "type": "bitmap", "ascent": 16, "height": 16, "chars": ["\uee4c"],       "file": "mechanization:base/font/manual/page_icon/tier_1_battery.png" },
		{ "type": "bitmap", "ascent": 8,  "height": 64, "chars": ["\uee4d\uee4e"], "file": "mechanization:base/font/manual/recipe/tier_1_battery.png" },
		{ "type": "bitmap", "ascent": 16, "height": 16, "chars": ["\uee4f"],       "file": "mechanization:base/font/manual/page_icon/tier_2_battery.png" },
		{ "type": "bitmap", "ascent": 8,  "height": 64, "chars": ["\uee50\uee51"], "file": "mechanization:base/font/manual/recipe/tier_2_battery.png" },
		{ "type": "bitmap", "ascent": 16, "height": 16, "chars": ["\uee52"],       "file": "mechanization:base/font/manual/page_icon/tier_3_battery.png" },
		{ "type": "bitmap", "ascent": 8,  "height": 64, "chars": ["\uee53\uee54"], "file": "mechanization:base/font/manual/recipe/tier_3_battery.png" },
		{ "type": "bitmap", "ascent": 16, "height": 16, "chars": ["\uee61"],       "file": "mechanization:base/font/manual/page_icon/energy_relay.png" },
		{ "type": "bitmap", "ascent": 8,  "height": 64, "chars": ["\uee62\uee63"], "file": "mechanization:base/font/manual/recipe/energy_relay.png" },
		{ "type": "bitmap", "ascent": 16, "height": 16, "chars": ["\uee64"],       "file": "mechanization:base/item/vial.png" },
		{ "type": "bitmap", "ascent": 8,  "height": 64, "chars": ["\uee65\uee66"], "file": "mechanization:base/font/manual/recipe/vial.png" },
		{ "type": "bitmap", "ascent": 16, "height": 16, "chars": ["\uee67"],       "file": "mechanization:base/item/machine_upgrade.png" },
		{ "type": "bitmap", "ascent": 8,  "height": 64, "chars": ["\uee68\uee69"], "file": "mechanization:base/font/manual/recipe/machine_upgrade.png" },
		{ "type": "bitmap", "ascent": 16, "height": 16, "chars": ["\uee6a"],       "file": "mechanization:base/item/ender_upgrade.png" },
		{ "type": "bitmap", "ascent": 8,  "height": 64, "chars": ["\uee6b\uee6c"], "file": "mechanization:base/font/manual/recipe/ender_upgrade.png" },
		{ "type": "bitmap", "ascent": 16, "height": 16, "chars": ["\uee6d"],       "file": "mechanization:base/item/nether_upgrade.png" },
		{ "type": "bitmap", "ascent": 8,  "height": 64, "chars": ["\uee6e\uee6f"], "file": "mechanization:base/font/manual/recipe/nether_upgrade.png" },
		{ "type": "bitmap", "ascent": 16, "height": 16, "chars": ["\uee70"],       "file": "mechanization:base/font/manual/page_icon/tier_1_machine_frame.png" },
		{ "type": "bitmap", "ascent": 8,  "height": 64, "chars": ["\uee71\uee72"], "file": "mechanization:base/font/manual/recipe/tier_1_machine_frame.png" },
		{ "type": "bitmap", "ascent": 16, "height": 16, "chars": ["\uee73"],       "file": "mechanization:base/font/manual/page_icon/tier_2_machine_frame.png" },
		{ "type": "bitmap", "ascent": 8,  "height": 64, "chars": ["\uee74\uee75"], "file": "mechanization:base/font/manual/recipe/tier_2_machine_frame.png" },
		{ "type": "bitmap", "ascent": 16, "height": 16, "chars": ["\uee76"],       "file": "mechanization:base/font/manual/page_icon/tier_3_machine_frame.png" },
		{ "type": "bitmap", "ascent": 8,  "height": 64, "chars": ["\uee77\uee78"], "file": "mechanization:base/font/manual/recipe/tier_3_machine_frame.png" },
		
		{ "type": "bitmap", "ascent": 8,  "height": 18, "chars": ["\uee79"], "file": "mechanization:base/font/manual/index_icon/steam_generator.png" },
		{ "type": "bitmap", "ascent": 8,  "height": 18, "chars": ["\uee7a"], "file": "mechanization:base/font/manual/index_icon/alloy_furnace.png" },
		{ "type": "bitmap", "ascent": 8,  "height": 18, "chars": ["\uee7b"], "file": "mechanization:base/font/manual/index_icon/tier_2_alloys.png" },
		{ "type": "bitmap", "ascent": 8,  "height": 18, "chars": ["\uee7c"], "file": "mechanization:base/font/manual/index_icon/tier_3_alloys.png" },
		{ "type": "bitmap", "ascent": 8,  "height": 18, "chars": ["\uee7d"], "file": "mechanization:base/font/manual/index_icon/liquid_pipe.png" },
		{ "type": "bitmap", "ascent": 8,  "height": 18, "chars": ["\uee7e"], "file": "mechanization:base/font/manual/index_icon/thermoelectric_generator.png" },
		{ "type": "bitmap", "ascent": 8,  "height": 18, "chars": ["\uee7f"], "file": "mechanization:base/font/manual/index_icon/arc_furnace.png" },
		{ "type": "bitmap", "ascent": 8,  "height": 18, "chars": ["\uee80"], "file": "mechanization:base/font/manual/index_icon/casting_basin.png" },
		{ "type": "bitmap", "ascent": 8,  "height": 18, "chars": ["\uee81"], "file": "mechanization:base/font/manual/index_icon/electric_furnace.png" },
		{ "type": "bitmap", "ascent": 8,  "height": 18, "chars": ["\uee82"], "file": "mechanization:base/font/manual/index_icon/tier_1_liquid_tank.png" },
		{ "type": "bitmap", "ascent": 8,  "height": 18, "chars": ["\uee83"], "file": "mechanization:base/font/manual/index_icon/tree_feller.png" },
		{ "type": "bitmap", "ascent": 8,  "height": 18, "chars": ["\uee84"], "file": "mechanization:base/font/manual/index_icon/growth_accelerator.png" },
		{ "type": "bitmap", "ascent": 8,  "height": 18, "chars": ["\uee85"], "file": "mechanization:base/font/manual/index_icon/block_breaker.png" },
		{ "type": "bitmap", "ascent": 8,  "height": 18, "chars": ["\uee86"], "file": "mechanization:base/font/manual/index_icon/grinder.png" },
		{ "type": "bitmap", "ascent": 8,  "height": 18, "chars": ["\uee87"], "file": "mechanization:base/font/manual/index_icon/tier_2_liquid_tank.png" },
		{ "type": "bitmap", "ascent": 8,  "height": 18, "chars": ["\uee88"], "file": "mechanization:base/font/manual/index_icon/solar_panel.png" },
		{ "type": "bitmap", "ascent": 8,  "height": 18, "chars": ["\uee89"], "file": "mechanization:base/font/manual/index_icon/bio_generator.png" },
		{ "type": "bitmap", "ascent": 8,  "height": 18, "chars": ["\uee8a"], "file": "mechanization:base/font/manual/index_icon/quarry.png" },
		{ "type": "bitmap", "ascent": 8,  "height": 18, "chars": ["\uee8b"], "file": "mechanization:base/font/manual/index_icon/auto_farm.png" },
		{ "type": "bitmap", "ascent": 8,  "height": 18, "chars": ["\uee8c"], "file": "mechanization:base/font/manual/index_icon/tier_3_liquid_tank.png" },
		{ "type": "bitmap", "ascent": 8,  "height": 18, "chars": ["\uee8d"], "file": "mechanization:base/font/manual/index_icon/auto_fisher.png" },
		{ "type": "bitmap", "ascent": 8,  "height": 18, "chars": ["\uee8e"], "file": "mechanization:base/font/manual/index_icon/item_reformer.png" },
		{ "type": "bitmap", "ascent": 8,  "height": 18, "chars": ["\uee8f"], "file": "mechanization:base/font/manual/index_icon/mob_grinder.png" },
		{ "type": "bitmap", "ascent": 8,  "height": 18, "chars": ["\uee90"], "file": "mechanization:base/font/manual/index_icon/electric_lamp.png" },
		{ "type": "bitmap", "ascent": 8,  "height": 18, "chars": ["\uee94"], "file": "mechanization:base/font/manual/index_icon/dimensional_generator.png" },
		{ "type": "bitmap", "ascent": 8,  "height": 18, "chars": ["\uee95"], "file": "mechanization:base/font/manual/index_icon/lightning_generator.png" },
		{ "type": "bitmap", "ascent": 8,  "height": 18, "chars": ["\uee96"], "file": "mechanization:base/font/manual/index_icon/teleporter.png" },
		{ "type": "bitmap", "ascent": 8,  "height": 18, "chars": ["\uee97"], "file": "mechanization:base/font/manual/index_icon/enchanting_station.png" },
		{ "type": "bitmap", "ascent": 8,  "height": 18, "chars": ["\uee98"], "file": "mechanization:base/font/manual/index_icon/spawner_controller.png" },
		{ "type": "bitmap", "ascent": 8,  "height": 18, "chars": ["\uee99"], "file": "mechanization:base/font/manual/index_icon/spawner_mover.png" },
		
		{ "type": "bitmap", "ascent": 16, "height": 16, "chars": ["\uee9a"],       "file": "mechanization:base/font/manual/page_icon/steam_generator.png" },
		{ "type": "bitmap", "ascent": 8,  "height": 64, "chars": ["\uee9b\uee9c"], "file": "mechanization:base/font/manual/recipe/steam_generator.png" },
		{ "type": "bitmap", "ascent": 16, "height": 16, "chars": ["\uee9d"],       "file": "mechanization:base/font/manual/page_icon/alloy_furnace.png" },
		{ "type": "bitmap", "ascent": 8,  "height": 64, "chars": ["\uee9e\uee9f"], "file": "mechanization:base/font/manual/recipe/alloy_furnace.png" },
		{ "type": "bitmap", "ascent": 26,  "height": 155, "chars": ["\ueea0"], "file": "mechanization:base/font/manual/alloys_page_3.png" },
		{ "type": "bitmap", "ascent": 26,  "height": 155, "chars": ["\ueea1"], "file": "mechanization:base/font/manual/alloys_page_4.png" },
		{ "type": "bitmap", "ascent": 16, "height": 16, "chars": ["\ueea2"],       "file": "mechanization:base/item/steel_ingot.png" },
		{ "type": "bitmap", "ascent": 8,  "height": 64, "chars": ["\ueea3\ueea4"], "file": "mechanization:base/font/manual/recipe/steel.png" },
		{ "type": "bitmap", "ascent": 16, "height": 16, "chars": ["\ueea5"],       "file": "mechanization:base/item/structural_ingot.png" },
		{ "type": "bitmap", "ascent": 8,  "height": 64, "chars": ["\ueea6\ueea7"], "file": "mechanization:base/font/manual/recipe/structural_alloy.png" },
		{ "type": "bitmap", "ascent": 16, "height": 16, "chars": ["\ueea8"],       "file": "mechanization:base/item/conductive_ingot.png" },
		{ "type": "bitmap", "ascent": 8,  "height": 64, "chars": ["\ueea9\ueeaa"], "file": "mechanization:base/font/manual/recipe/conductive_alloy.png" },
		{ "type": "bitmap", "ascent": 16, "height": 16, "chars": ["\ueeab"],       "file": "mechanization:base/item/crystal_composite.png" },
		{ "type": "bitmap", "ascent": 8,  "height": 64, "chars": ["\ueeac\ueead"], "file": "mechanization:base/font/manual/recipe/crystal_composite.png" },
		{ "type": "bitmap", "ascent": 16, "height": 16, "chars": ["\ueeae"],       "file": "mechanization:base/item/titanium_steel_ingot.png" },
		{ "type": "bitmap", "ascent": 8,  "height": 64, "chars": ["\ueeaf\ueeb0"], "file": "mechanization:base/font/manual/recipe/titanium_steel.png" },
		{ "type": "bitmap", "ascent": 16, "height": 16, "chars": ["\ueeb1"],       "file": "mechanization:base/item/reinforced_structural_ingot.png" },
		{ "type": "bitmap", "ascent": 8,  "height": 64, "chars": ["\ueeb2\ueeb3"], "file": "mechanization:base/font/manual/recipe/reinforced_structural_alloy.png" },
		{ "type": "bitmap", "ascent": 16, "height": 16, "chars": ["\ueeb4"],       "file": "mechanization:base/item/super_conductive_ingot.png" },
		{ "type": "bitmap", "ascent": 8,  "height": 64, "chars": ["\ueeb5\ueeb6"], "file": "mechanization:base/font/manual/recipe/super_conductive_alloy.png" },
		{ "type": "bitmap", "ascent": 16, "height": 16, "chars": ["\ueeb7"],       "file": "mechanization:base/item/ender_alloy_ingot.png" },
		{ "type": "bitmap", "ascent": 8,  "height": 64, "chars": ["\ueeb8\ueeb9"], "file": "mechanization:base/font/manual/recipe/ender_alloy.png" },
		{ "type": "bitmap", "ascent": 16, "height": 16, "chars": ["\ueeba"],       "file": "mechanization:base/item/nether_alloy_ingot.png" },
		{ "type": "bitmap", "ascent": 8,  "height": 64, "chars": ["\ueebb\ueebc"], "file": "mechanization:base/font/manual/recipe/nether_alloy.png" },
		{ "type": "bitmap", "ascent": 16, "height": 16, "chars": ["\ueebe"],       "file": "minecraft:item/netherite_ingot.png" },
		{ "type": "bitmap", "ascent": 8,  "height": 64, "chars": ["\ueebf\ueec0"], "file": "mechanization:base/font/manual/recipe/netherite.png" },
		{ "type": "bitmap", "ascent": 16, "height": 16, "chars": ["\ueec1"],       "file": "mechanization:base/font/manual/page_icon/liquid_pipe.png" },
		{ "type": "bitmap", "ascent": 8,  "height": 64, "chars": ["\ueec2\ueec3"], "file": "mechanization:base/font/manual/recipe/liquid_pipe.png" },
		{ "type": "bitmap", "ascent": 16, "height": 16, "chars": ["\ueec4"],       "file": "mechanization:base/font/manual/page_icon/tier_1_liquid_tank.png" },
		{ "type": "bitmap", "ascent": 8,  "height": 64, "chars": ["\ueec5\ueec6"], "file": "mechanization:base/font/manual/recipe/tier_1_liquid_tank.png" },
		{ "type": "bitmap", "ascent": 16, "height": 16, "chars": ["\ueec7"],       "file": "mechanization:base/font/manual/page_icon/tier_2_liquid_tank.png" },
		{ "type": "bitmap", "ascent": 8,  "height": 64, "chars": ["\ueec8\ueec9"], "file": "mechanization:base/font/manual/recipe/tier_2_liquid_tank.png" },
		{ "type": "bitmap", "ascent": 16, "height": 16, "chars": ["\ueeca"],       "file": "mechanization:base/font/manual/page_icon/tier_3_liquid_tank.png" },
		{ "type": "bitmap", "ascent": 8,  "height": 64, "chars": ["\ueecb\ueecc"], "file": "mechanization:base/font/manual/recipe/tier_3_liquid_tank.png" },
		{ "type": "bitmap", "ascent": 16, "height": 16, "chars": ["\ueecd"],       "file": "mechanization:base/font/manual/page_icon/thermoelectric_generator.png" },
		{ "type": "bitmap", "ascent": 8,  "height": 64, "chars": ["\ueece\ueecf"], "file": "mechanization:base/font/manual/recipe/thermoelectric_generator.png" },
		{ "type": "bitmap", "ascent": 16, "height": 16, "chars": ["\ueed0"],       "file": "mechanization:base/font/manual/page_icon/arc_furnace.png" },
		{ "type": "bitmap", "ascent": 8,  "height": 64, "chars": ["\ueed1\ueed2"], "file": "mechanization:base/font/manual/recipe/arc_furnace.png" },
		{ "type": "bitmap", "ascent": 16, "height": 16, "chars": ["\ueed3"],       "file": "mechanization:base/font/manual/page_icon/casting_basin.png" },
		{ "type": "bitmap", "ascent": 8,  "height": 64, "chars": ["\ueed4\ueed5"], "file": "mechanization:base/font/manual/recipe/casting_basin.png" },
		{ "type": "bitmap", "ascent": 16, "height": 16, "chars": ["\ueed6"],       "file": "mechanization:base/font/manual/page_icon/electric_furnace.png" },
		{ "type": "bitmap", "ascent": 8,  "height": 64, "chars": ["\ueed7\ueed8"], "file": "mechanization:base/font/manual/recipe/electric_furnace.png" },
		{ "type": "bitmap", "ascent": 16, "height": 16, "chars": ["\ueed9"],       "file": "mechanization:base/font/manual/page_icon/tree_feller.png" },
		{ "type": "bitmap", "ascent": 8,  "height": 64, "chars": ["\ueeda\ueedb"], "file": "mechanization:base/font/manual/recipe/tree_feller.png" },
		{ "type": "bitmap", "ascent": 16, "height": 16, "chars": ["\ueedc"],       "file": "mechanization:base/font/manual/page_icon/growth_accelerator.png" },
		{ "type": "bitmap", "ascent": 8,  "height": 64, "chars": ["\ueedd\ueede"], "file": "mechanization:base/font/manual/recipe/growth_accelerator.png" },
		{ "type": "bitmap", "ascent": 16, "height": 16, "chars": ["\ueedf"],       "file": "mechanization:base/font/manual/page_icon/block_breaker.png" },
		{ "type": "bitmap", "ascent": 8,  "height": 64, "chars": ["\ueee0\ueee1"], "file": "mechanization:base/font/manual/recipe/block_breaker.png" },
		{ "type": "bitmap", "ascent": 16, "height": 16, "chars": ["\ueee2"],       "file": "mechanization:base/font/manual/page_icon/grinder.png" },
		{ "type": "bitmap", "ascent": 8,  "height": 64, "chars": ["\ueee3\ueee4"], "file": "mechanization:base/font/manual/recipe/grinder.png" },
		{ "type": "bitmap", "ascent": 16, "height": 16, "chars": ["\ueee5"],       "file": "mechanization:base/font/manual/page_icon/solar_panel.png" },
		{ "type": "bitmap", "ascent": 8,  "height": 64, "chars": ["\ueee6\ueee7"], "file": "mechanization:base/font/manual/recipe/solar_panel.png" },
		{ "type": "bitmap", "ascent": 16, "height": 16, "chars": ["\ueee8"],       "file": "mechanization:base/font/manual/page_icon/bio_generator.png" },
		{ "type": "bitmap", "ascent": 8,  "height": 64, "chars": ["\ueee9\ueeea"], "file": "mechanization:base/font/manual/recipe/bio_generator.png" },
		{ "type": "bitmap", "ascent": 16, "height": 16, "chars": ["\ueeeb"],       "file": "mechanization:base/font/manual/page_icon/quarry.png" },
		{ "type": "bitmap", "ascent": 8,  "height": 64, "chars": ["\ueeec\ueeed"], "file": "mechanization:base/font/manual/recipe/quarry.png" },
		{ "type": "bitmap", "ascent": 16, "height": 16, "chars": ["\ueeee"],       "file": "mechanization:base/font/manual/page_icon/auto_farm.png" },
		{ "type": "bitmap", "ascent": 8,  "height": 64, "chars": ["\ueeef\ueef0"], "file": "mechanization:base/font/manual/recipe/auto_farm.png" },
		{ "type": "bitmap", "ascent": 16, "height": 16, "chars": ["\ueef1"],       "file": "mechanization:base/font/manual/page_icon/auto_fisher.png" },
		{ "type": "bitmap", "ascent": 8,  "height": 64, "chars": ["\ueef2\ueef3"], "file": "mechanization:base/font/manual/recipe/auto_fisher.png" },
		{ "type": "bitmap", "ascent": 16, "height": 16, "chars": ["\ueef4"],       "file": "mechanization:base/font/manual/page_icon/item_reformer.png" },
		{ "type": "bitmap", "ascent": 8,  "height": 64, "chars": ["\ueef5\ueef6"], "file": "mechanization:base/font/manual/recipe/item_reformer.png" },
		{ "type": "bitmap", "ascent": 16, "height": 16, "chars": ["\ueef7"],       "file": "mechanization:base/font/manual/page_icon/mob_grinder.png" },
		{ "type": "bitmap", "ascent": 8,  "height": 64, "chars": ["\ueef8\ueef9"], "file": "mechanization:base/font/manual/recipe/mob_grinder.png" },
		{ "type": "bitmap", "ascent": 16, "height": 16, "chars": ["\ueefa"],       "file": "mechanization:base/font/manual/page_icon/electric_lamp.png" },
		{ "type": "bitmap", "ascent": 8,  "height": 64, "chars": ["\ueefb\ueefc"], "file": "mechanization:base/font/manual/recipe/electric_lamp.png" },
		{ "type": "bitmap", "ascent": 16, "height": 16, "chars": ["\uef06"],       "file": "mechanization:base/font/manual/page_icon/dimensional_generator.png" },
		{ "type": "bitmap", "ascent": 8,  "height": 64, "chars": ["\uef07\uef08"], "file": "mechanization:base/font/manual/recipe/dimensional_generator.png" },
		{ "type": "bitmap", "ascent": 16, "height": 16, "chars": ["\uef09"],       "file": "mechanization:base/font/manual/page_icon/lightning_generator.png" },
		{ "type": "bitmap", "ascent": 8,  "height": 64, "chars": ["\uef0a\uef0b"], "file": "mechanization:base/font/manual/recipe/lightning_generator.png" },
		{ "type": "bitmap", "ascent": 16, "height": 16, "chars": ["\uef0c"],       "file": "mechanization:base/font/manual/page_icon/teleporter.png" },
		{ "type": "bitmap", "ascent": 8,  "height": 64, "chars": ["\uef0d\uef0e"], "file": "mechanization:base/font/manual/recipe/teleporter.png" },
		{ "type": "bitmap", "ascent": 16, "height": 16, "chars": ["\uef0f"],       "file": "mechanization:base/font/manual/page_icon/enchanting_station.png" },
		{ "type": "bitmap", "ascent": 8,  "height": 64, "chars": ["\uef10\uef11"], "file": "mechanization:base/font/manual/recipe/enchanting_station.png" },
		{ "type": "bitmap", "ascent": 16, "height": 16, "chars": ["\uef12"],       "file": "mechanization:base/font/manual/page_icon/spawner_controller.png" },
		{ "type": "bitmap", "ascent": 8,  "height": 64, "chars": ["\uef13\uef14"], "file": "mechanization:base/font/manual/recipe/spawner_controller.png" },
		{ "type": "bitmap", "ascent": 16, "height": 16, "chars": ["\uef15"],       "file": "mechanization:base/font/manual/page_icon/spawner_mover.png" },
		{ "type": "bitmap", "ascent": 8,  "height": 64, "chars": ["\uef16\uef17"], "file": "mechanization:base/font/manual/recipe/spawner_mover.png" },
		{ "type": "bitmap", "ascent": 16, "height": 16, "chars": ["\uef18"],       "file": "mechanization:base/font/manual/page_icon/liquid_accumulator.png" },
		{ "type": "bitmap", "ascent": 8,  "height": 64, "chars": ["\uef19\uef1a"], "file": "mechanization:base/font/manual/recipe/liquid_accumulator.png" },
		{ "type": "bitmap", "ascent": 8,  "height": 18, "chars": ["\uef1b"],       "file": "mechanization:base/font/manual/index_icon/liquid_accumulator.png" },
		
		{ "type": "bitmap", "ascent": 8,  "height": 18, "chars": ["\uef1c"], "file": "mechanization:base/font/manual/index_icon/centrifuge.png" },
		{ "type": "bitmap", "ascent": 8,  "height": 18, "chars": ["\uef1d"], "file": "mechanization:base/font/manual/index_icon/uranium_fuel_cell.png" },
		{ "type": "bitmap", "ascent": 8,  "height": 18, "chars": ["\uef1e"], "file": "mechanization:base/font/manual/index_icon/plutonium_fuel_cell.png" },
		{ "type": "bitmap", "ascent": 8,  "height": 18, "chars": ["\uef1f"], "file": "mechanization:base/font/manual/index_icon/spent_fuel_cell.png" },
		{ "type": "bitmap", "ascent": 8,  "height": 18, "chars": ["\uef20"], "file": "mechanization:base/font/manual/index_icon/fission_reactor.png" },
		{ "type": "bitmap", "ascent": 8,  "height": 18, "chars": ["\uef21"], "file": "mechanization:base/font/manual/index_icon/steam_turbine.png" },
		{ "type": "bitmap", "ascent": 8,  "height": 18, "chars": ["\uef22"], "file": "mechanization:base/font/manual/index_icon/control_rod.png" },
		{ "type": "bitmap", "ascent": 8,  "height": 18, "chars": ["\uef23"], "file": "mechanization:base/font/manual/index_icon/temperature_observer.png" },
		{ "type": "bitmap", "ascent": 8,  "height": 18, "chars": ["\uef24"], "file": "mechanization:base/font/manual/index_icon/reaction_rate_observer.png" },
		
		{ "type": "bitmap", "ascent": 16, "height": 16, "chars": ["\uef25"],       "file": "mechanization:base/font/manual/page_icon/centrifuge.png" },
		{ "type": "bitmap", "ascent": 8,  "height": 64, "chars": ["\uef26\uef27"], "file": "mechanization:base/font/manual/recipe/centrifuge.png" },
		{ "type": "bitmap", "ascent": 16, "height": 16, "chars": ["\uef28"],       "file": "mechanization:base/font/manual/page_icon/uranium_fuel_cell.png" },
		{ "type": "bitmap", "ascent": 8,  "height": 64, "chars": ["\uef29\uef2a"], "file": "mechanization:base/font/manual/recipe/uranium_fuel_cell.png" },
		{ "type": "bitmap", "ascent": 16, "height": 16, "chars": ["\uef2b"],       "file": "mechanization:base/font/manual/page_icon/plutonium_fuel_cell.png" },
		{ "type": "bitmap", "ascent": 8,  "height": 64, "chars": ["\uef2c\uef2d"], "file": "mechanization:base/font/manual/recipe/plutonium_fuel_cell.png" },
		{ "type": "bitmap", "ascent": 16, "height": 16, "chars": ["\uef2e"],       "file": "mechanization:base/font/manual/page_icon/spent_fuel_cell.png" },
		{ "type": "bitmap", "ascent": 16, "height": 16, "chars": ["\uef2f"],       "file": "mechanization:base/font/manual/page_icon/fission_reactor.png" },
		{ "type": "bitmap", "ascent": 8,  "height": 64, "chars": ["\uef30\uef31"], "file": "mechanization:base/font/manual/recipe/fission_reactor.png" },
		{ "type": "bitmap", "ascent": 16, "height": 16, "chars": ["\uef32"],       "file": "mechanization:base/font/manual/page_icon/steam_turbine.png" },
		{ "type": "bitmap", "ascent": 8,  "height": 64, "chars": ["\uef33\uef34"], "file": "mechanization:base/font/manual/recipe/steam_turbine.png" },
		{ "type": "bitmap", "ascent": 16, "height": 16, "chars": ["\uef35"],       "file": "mechanization:base/font/manual/page_icon/control_rod.png" },
		{ "type": "bitmap", "ascent": 8,  "height": 64, "chars": ["\uef36\uef37"], "file": "mechanization:base/font/manual/recipe/control_rod.png" },
		{ "type": "bitmap", "ascent": 16, "height": 16, "chars": ["\uef38"],       "file": "mechanization:base/font/manual/page_icon/temperature_observer.png" },
		{ "type": "bitmap", "ascent": 8,  "height": 64, "chars": ["\uef39\uef3a"], "file": "mechanization:base/font/manual/recipe/temperature_observer.png" },
		{ "type": "bitmap", "ascent": 16, "height": 16, "chars": ["\uef3b"],       "file": "mechanization:base/font/manual/page_icon/reaction_rate_observer.png" },
		{ "type": "bitmap", "ascent": 8,  "height": 64, "chars": ["\uef3c\uef3d"], "file": "mechanization:base/font/manual/recipe/reaction_rate_observer.png" },
		
		{ "type": "bitmap", "ascent": 8,  "height": 18, "chars": ["\uef3e"], "file": "mechanization:base/font/manual/index_icon/tinker_table.png" },
		{ "type": "bitmap", "ascent": 8,  "height": 18, "chars": ["\uef3f"], "file": "mechanization:base/font/manual/index_icon/charging_station.png" },
		{ "type": "bitmap", "ascent": 8,  "height": 18, "chars": ["\uef40"], "file": "mechanization:base/font/manual/index_icon/portable_battery.png" },
		{ "type": "bitmap", "ascent": 8,  "height": 18, "chars": ["\uef41"], "file": "mechanization:base/font/manual/index_icon/energy_saber.png" },
		{ "type": "bitmap", "ascent": 8,  "height": 18, "chars": ["\uef42"], "file": "mechanization:base/font/manual/index_icon/drill.png" },
		{ "type": "bitmap", "ascent": 8,  "height": 18, "chars": ["\uef43"], "file": "mechanization:base/font/manual/index_icon/modular_helmet.png" },
		{ "type": "bitmap", "ascent": 8,  "height": 18, "chars": ["\uef44"], "file": "mechanization:base/font/manual/index_icon/modular_chestplate.png" },
		{ "type": "bitmap", "ascent": 8,  "height": 18, "chars": ["\uef45"], "file": "mechanization:base/font/manual/index_icon/modular_leggings.png" },
		{ "type": "bitmap", "ascent": 8,  "height": 18, "chars": ["\uef46"], "file": "mechanization:base/font/manual/index_icon/modular_boots.png" },
		{ "type": "bitmap", "ascent": 8,  "height": 18, "chars": ["\uef47"], "file": "mechanization:base/font/manual/index_icon/plasma_weapon.png" },
		{ "type": "bitmap", "ascent": 8,  "height": 18, "chars": ["\uef48"], "file": "mechanization:base/font/manual/index_icon/rebreather.png" },
		{ "type": "bitmap", "ascent": 8,  "height": 18, "chars": ["\uef49"], "file": "mechanization:base/font/manual/index_icon/night_vision_goggles.png" },
		{ "type": "bitmap", "ascent": 8,  "height": 18, "chars": ["\uef4a"], "file": "mechanization:base/font/manual/index_icon/hover_boots.png" },
		{ "type": "bitmap", "ascent": 8,  "height": 18, "chars": ["\uef4b"], "file": "mechanization:base/font/manual/index_icon/phase_boots.png" },
		{ "type": "bitmap", "ascent": 8,  "height": 18, "chars": ["\uef4c"], "file": "mechanization:base/font/manual/index_icon/jetpack.png" },
		{ "type": "bitmap", "ascent": 8,  "height": 18, "chars": ["\uef4d"], "file": "mechanization:base/font/manual/index_icon/energized_heat_sink.png" },
		{ "type": "bitmap", "ascent": 8,  "height": 18, "chars": ["\uef4e"], "file": "mechanization:base/font/manual/index_icon/supercharged_chamber.png" },
		{ "type": "bitmap", "ascent": 8,  "height": 18, "chars": ["\uef4f"], "file": "mechanization:base/font/manual/index_icon/overclocked_pump.png" },
		{ "type": "bitmap", "ascent": 8,  "height": 18, "chars": ["\uef50"], "file": "mechanization:base/font/manual/index_icon/long_barrel.png" },
		{ "type": "bitmap", "ascent": 8,  "height": 18, "chars": ["\uef51"], "file": "mechanization:base/font/manual/index_icon/passive_heat_sink.png" },
		{ "type": "bitmap", "ascent": 8,  "height": 18, "chars": ["\uef52"], "file": "mechanization:base/font/manual/index_icon/rapid_chamber.png" },
		{ "type": "bitmap", "ascent": 8,  "height": 18, "chars": ["\uef53"], "file": "mechanization:base/font/manual/index_icon/frigid_pump.png" },
		{ "type": "bitmap", "ascent": 8,  "height": 18, "chars": ["\uef54"], "file": "mechanization:base/font/manual/index_icon/split_barrel.png" },
		
		{ "type": "bitmap", "ascent": 16, "height": 16, "chars": ["\uef55"],       "file": "mechanization:base/font/manual/page_icon/tinker_table.png" },
		{ "type": "bitmap", "ascent": 8,  "height": 64, "chars": ["\uef56\uef57"], "file": "mechanization:base/font/manual/recipe/tinker_table.png" },
		{ "type": "bitmap", "ascent": 16, "height": 16, "chars": ["\uef94"],       "file": "mechanization:base/font/manual/page_icon/charging_station.png" },
		{ "type": "bitmap", "ascent": 8,  "height": 64, "chars": ["\uef95\uef96"], "file": "mechanization:base/font/manual/recipe/charging_station.png" },
		{ "type": "bitmap", "ascent": 16, "height": 16, "chars": ["\uef58"],       "file": "mechanization:gadgets/item/portable_battery/portable_battery_0.png" },
		{ "type": "bitmap", "ascent": 8,  "height": 64, "chars": ["\uef59\uef5a"], "file": "mechanization:base/font/manual/recipe/portable_battery.png" },
		{ "type": "bitmap", "ascent": 16, "height": 16, "chars": ["\uef5b"],       "file": "mechanization:base/font/manual/page_icon/energy_saber.png" },
		{ "type": "bitmap", "ascent": 8,  "height": 64, "chars": ["\uef5c\uef5d"], "file": "mechanization:base/font/manual/recipe/energy_saber.png" },
		{ "type": "bitmap", "ascent": 16, "height": 16, "chars": ["\uef5e"],       "file": "mechanization:gadgets/item/drill.png" },
		{ "type": "bitmap", "ascent": 8,  "height": 64, "chars": ["\uef5f\uef60"], "file": "mechanization:base/font/manual/recipe/drill.png" },
		{ "type": "bitmap", "ascent": 16, "height": 16, "chars": ["\uef61"],       "file": "mechanization:gadgets/item/modular_armor/modular_helmet.png" },
		{ "type": "bitmap", "ascent": 8,  "height": 64, "chars": ["\uef62\uef63"], "file": "mechanization:base/font/manual/recipe/modular_helmet.png" },
		{ "type": "bitmap", "ascent": 16, "height": 16, "chars": ["\uef64"],       "file": "mechanization:gadgets/item/modular_armor/modular_chestplate.png" },
		{ "type": "bitmap", "ascent": 8,  "height": 64, "chars": ["\uef65\uef66"], "file": "mechanization:base/font/manual/recipe/modular_chestplate.png" },
		{ "type": "bitmap", "ascent": 16, "height": 16, "chars": ["\uef67"],       "file": "mechanization:gadgets/item/modular_armor/modular_leggings.png" },
		{ "type": "bitmap", "ascent": 8,  "height": 64, "chars": ["\uef68\uef69"], "file": "mechanization:base/font/manual/recipe/modular_leggings.png" },
		{ "type": "bitmap", "ascent": 16, "height": 16, "chars": ["\uef6a"],       "file": "mechanization:gadgets/item/modular_armor/modular_boots.png" },
		{ "type": "bitmap", "ascent": 8,  "height": 64, "chars": ["\uef6b\uef6c"], "file": "mechanization:base/font/manual/recipe/modular_boots.png" },
		{ "type": "bitmap", "ascent": 16, "height": 16, "chars": ["\uef6d"],       "file": "mechanization:base/font/manual/page_icon/plasma_weapon.png" },
		{ "type": "bitmap", "ascent": 8,  "height": 64, "chars": ["\uef6e\uef6f"], "file": "mechanization:base/font/manual/recipe/plasma_weapon.png" },
		{ "type": "bitmap", "ascent": 16, "height": 16, "chars": ["\uef70"],       "file": "mechanization:gadgets/item/rebreather.png" },
		{ "type": "bitmap", "ascent": 8,  "height": 64, "chars": ["\uef71\uef72"], "file": "mechanization:base/font/manual/recipe/rebreather.png" },
		{ "type": "bitmap", "ascent": 16, "height": 16, "chars": ["\uef73"],       "file": "mechanization:gadgets/item/night_vision_goggles.png" },
		{ "type": "bitmap", "ascent": 8,  "height": 64, "chars": ["\uef74\uef75"], "file": "mechanization:base/font/manual/recipe/night_vision_goggles.png" },
		{ "type": "bitmap", "ascent": 16, "height": 16, "chars": ["\uef76"],       "file": "mechanization:gadgets/item/hover_boots.png" },
		{ "type": "bitmap", "ascent": 8,  "height": 64, "chars": ["\uef77\uef78"], "file": "mechanization:base/font/manual/recipe/hover_boots.png" },
		{ "type": "bitmap", "ascent": 16, "height": 16, "chars": ["\uef79"],       "file": "mechanization:base/font/manual/page_icon/phase_boots.png" },
		{ "type": "bitmap", "ascent": 8,  "height": 64, "chars": ["\uef7a\uef7b"], "file": "mechanization:base/font/manual/recipe/phase_boots.png" },
		{ "type": "bitmap", "ascent": 16, "height": 16, "chars": ["\uef7c"],       "file": "mechanization:gadgets/item/jetpack.png" },
		{ "type": "bitmap", "ascent": 8,  "height": 64, "chars": ["\uef7d\uef7e"], "file": "mechanization:base/font/manual/recipe/jetpack.png" },
		{ "type": "bitmap", "ascent": 16, "height": 16, "chars": ["\uef7f"],       "file": "mechanization:gadgets/item/energized_heat_sink.png" },
		{ "type": "bitmap", "ascent": 8,  "height": 64, "chars": ["\uef80\uef81"], "file": "mechanization:base/font/manual/recipe/energized_heat_sink.png" },
		{ "type": "bitmap", "ascent": 16, "height": 16, "chars": ["\uef82"],       "file": "mechanization:gadgets/item/supercharged_chamber.png" },
		{ "type": "bitmap", "ascent": 8,  "height": 64, "chars": ["\uef83\uef84"], "file": "mechanization:base/font/manual/recipe/supercharged_chamber.png" },
		{ "type": "bitmap", "ascent": 16, "height": 16, "chars": ["\uef85"],       "file": "mechanization:gadgets/item/overclocked_pump.png" },
		{ "type": "bitmap", "ascent": 8,  "height": 64, "chars": ["\uef86\uef87"], "file": "mechanization:base/font/manual/recipe/overclocked_pump.png" },
		{ "type": "bitmap", "ascent": 16, "height": 16, "chars": ["\uef88"],       "file": "mechanization:gadgets/item/long_barrel.png" },
		{ "type": "bitmap", "ascent": 8,  "height": 64, "chars": ["\uef89\uef8a"], "file": "mechanization:base/font/manual/recipe/long_barrel.png" },
		{ "type": "bitmap", "ascent": 16, "height": 16, "chars": ["\uef8b"],       "file": "mechanization:gadgets/item/rapid_chamber.png" },
		{ "type": "bitmap", "ascent": 8,  "height": 64, "chars": ["\uef8c\uef8d"], "file": "mechanization:base/font/manual/recipe/rapid_chamber.png" },
		{ "type": "bitmap", "ascent": 16, "height": 16, "chars": ["\uef8e"],       "file": "mechanization:gadgets/item/frigid_pump.png" },
		{ "type": "bitmap", "ascent": 8,  "height": 64, "chars": ["\uef8f\uef90"], "file": "mechanization:base/font/manual/recipe/frigid_pump.png" },
		{ "type": "bitmap", "ascent": 16, "height": 16, "chars": ["\uef91"],       "file": "mechanization:gadgets/item/split_barrel.png" },
		{ "type": "bitmap", "ascent": 8,  "height": 64, "chars": ["\uef92\uef93"], "file": "mechanization:base/font/manual/recipe/split_barrel.png" },
		{ "type": "bitmap", "ascent": 16, "height": 16, "chars": ["\uef97"],       "file": "mechanization:gadgets/item/passive_heat_sink.png" },
		{ "type": "bitmap", "ascent": 8,  "height": 64, "chars": ["\uef98\uef99"], "file": "mechanization:base/font/manual/recipe/passive_heat_sink.png" },
		
		{ "type": "bitmap", "ascent": 8,  "height": 18, "chars": ["\uef9a"], "file": "mechanization:base/font/manual/index_icon/compressor.png" },
		{ "type": "bitmap", "ascent": 8,  "height": 18, "chars": ["\uef9b"], "file": "mechanization:base/font/manual/index_icon/decompressor.png" },
		{ "type": "bitmap", "ascent": 8,  "height": 18, "chars": ["\uef9c"], "file": "mechanization:base/font/manual/index_icon/stone_cutter.png" },
		{ "type": "bitmap", "ascent": 8,  "height": 18, "chars": ["\uef9d"], "file": "mechanization:base/font/manual/index_icon/dye_machine.png" },
		{ "type": "bitmap", "ascent": 8,  "height": 18, "chars": ["\uef9e"], "file": "mechanization:base/font/manual/index_icon/auto_jukebox.png" },
		{ "type": "bitmap", "ascent": 8,  "height": 18, "chars": ["\uef9f"], "file": "mechanization:base/font/manual/index_icon/fast_hopper.png" },
		{ "type": "bitmap", "ascent": 8,  "height": 18, "chars": ["\uefa0"], "file": "mechanization:base/font/manual/index_icon/item_pipe.png" },
		{ "type": "bitmap", "ascent": 8,  "height": 18, "chars": ["\uefa1"], "file": "mechanization:base/font/manual/index_icon/item_extractor.png" },
		{ "type": "bitmap", "ascent": 8,  "height": 18, "chars": ["\uefa2"], "file": "mechanization:base/font/manual/index_icon/item_inserter.png" },
		{ "type": "bitmap", "ascent": 8,  "height": 18, "chars": ["\uefa3"], "file": "mechanization:base/font/manual/index_icon/item_filter.png" },
		{ "type": "bitmap", "ascent": 8,  "height": 18, "chars": ["\uefa4"], "file": "mechanization:base/font/manual/index_icon/ender_hopper.png" },
		{ "type": "bitmap", "ascent": 8,  "height": 18, "chars": ["\uefa5"], "file": "mechanization:base/font/manual/index_icon/storage_unit.png" },
		{ "type": "bitmap", "ascent": 8,  "height": 18, "chars": ["\uefa6"], "file": "mechanization:base/font/manual/index_icon/mss_drive_bay.png" },
		{ "type": "bitmap", "ascent": 8,  "height": 18, "chars": ["\uefa7"], "file": "mechanization:base/font/manual/index_icon/mss_storage_drive.png" },
		{ "type": "bitmap", "ascent": 8,  "height": 18, "chars": ["\uefa8"], "file": "mechanization:base/font/manual/index_icon/mss_terminal.png" },
		
		{ "type": "bitmap", "ascent": 16, "height": 16, "chars": ["\uefa9"],       "file": "mechanization:base/font/manual/page_icon/compressor.png" },
		{ "type": "bitmap", "ascent": 8,  "height": 64, "chars": ["\uefaa\uefab"], "file": "mechanization:base/font/manual/recipe/compressor.png" },
		{ "type": "bitmap", "ascent": 16, "height": 16, "chars": ["\uefac"],       "file": "mechanization:base/font/manual/page_icon/decompressor.png" },
		{ "type": "bitmap", "ascent": 8,  "height": 64, "chars": ["\uefad\uefae"], "file": "mechanization:base/font/manual/recipe/decompressor.png" },
		{ "type": "bitmap", "ascent": 16, "height": 16, "chars": ["\uefaf"],       "file": "mechanization:base/font/manual/page_icon/stone_cutter.png" },
		{ "type": "bitmap", "ascent": 8,  "height": 64, "chars": ["\uefb0\uefb1"], "file": "mechanization:base/font/manual/recipe/stone_cutter.png" },
		{ "type": "bitmap", "ascent": 16, "height": 16, "chars": ["\uefb2"],       "file": "mechanization:base/font/manual/page_icon/dye_machine.png" },
		{ "type": "bitmap", "ascent": 8,  "height": 64, "chars": ["\uefb3\uefb4"], "file": "mechanization:base/font/manual/recipe/dye_machine.png" },
		{ "type": "bitmap", "ascent": 16, "height": 16, "chars": ["\uefb5"],       "file": "mechanization:base/font/manual/page_icon/auto_jukebox.png" },
		{ "type": "bitmap", "ascent": 8,  "height": 64, "chars": ["\uefb6\uefb7"], "file": "mechanization:base/font/manual/recipe/auto_jukebox.png" },
		{ "type": "bitmap", "ascent": 16, "height": 16, "chars": ["\uefb8"],       "file": "mechanization:assembly/item/speed_hopper_item.png" },
		{ "type": "bitmap", "ascent": 8,  "height": 64, "chars": ["\uefb9\uefba"], "file": "mechanization:base/font/manual/recipe/fast_hopper.png" },
		{ "type": "bitmap", "ascent": 16, "height": 16, "chars": ["\uefbb"],       "file": "mechanization:base/font/manual/page_icon/item_pipe.png" },
		{ "type": "bitmap", "ascent": 8,  "height": 64, "chars": ["\uefbc\uefbd"], "file": "mechanization:base/font/manual/recipe/item_pipe.png" },
		{ "type": "bitmap", "ascent": 16, "height": 16, "chars": ["\uefbe"],       "file": "mechanization:base/font/manual/page_icon/item_extractor.png" },
		{ "type": "bitmap", "ascent": 8,  "height": 64, "chars": ["\uefbf\uefc0"], "file": "mechanization:base/font/manual/recipe/item_extractor.png" },
		{ "type": "bitmap", "ascent": 16, "height": 16, "chars": ["\uefc1"],       "file": "mechanization:base/font/manual/page_icon/item_inserter.png" },
		{ "type": "bitmap", "ascent": 8,  "height": 64, "chars": ["\uefc2\uefc3"], "file": "mechanization:base/font/manual/recipe/item_inserter.png" },
		{ "type": "bitmap", "ascent": 16, "height": 16, "chars": ["\uefc5"],       "file": "mechanization:assembly/item/item_filter.png" },
		{ "type": "bitmap", "ascent": 8,  "height": 64, "chars": ["\uefc6\uefc7"], "file": "mechanization:base/font/manual/recipe/item_filter.png" },
		{ "type": "bitmap", "ascent": 16, "height": 16, "chars": ["\uefc8"],       "file": "mechanization:assembly/item/ender_hopper_item.png" },
		{ "type": "bitmap", "ascent": 8,  "height": 64, "chars": ["\uefc9\uefca"], "file": "mechanization:base/font/manual/recipe/ender_hopper.png" },
		{ "type": "bitmap", "ascent": 16, "height": 16, "chars": ["\uefcb"],       "file": "mechanization:base/font/manual/page_icon/storage_unit.png" },
		{ "type": "bitmap", "ascent": 8,  "height": 64, "chars": ["\uefcc\uefcd"], "file": "mechanization:base/font/manual/recipe/storage_unit.png" },
		{ "type": "bitmap", "ascent": 16, "height": 16, "chars": ["\uefce"],       "file": "mechanization:base/font/manual/page_icon/mss_drive_bay.png" },
		{ "type": "bitmap", "ascent": 8,  "height": 64, "chars": ["\uefcf\uefd0"], "file": "mechanization:base/font/manual/recipe/mss_drive_bay.png" },
		{ "type": "bitmap", "ascent": 16, "height": 16, "chars": ["\uefd1"],       "file": "mechanization:assembly/item/mss_drive.png" },
		{ "type": "bitmap", "ascent": 8,  "height": 64, "chars": ["\uefd2\uefd3"], "file": "mechanization:base/font/manual/recipe/mss_storage_drive.png" },
		{ "type": "bitmap", "ascent": 16, "height": 16, "chars": ["\uefd4"],       "file": "mechanization:base/font/manual/page_icon/mss_terminal.png" },
		{ "type": "bitmap", "ascent": 8,  "height": 64, "chars": ["\uefd5\uefd6"], "file": "mechanization:base/font/manual/recipe/mss_terminal.png" },
		
		{ "type": "bitmap", "ascent": 8,  "height": 18, "chars": ["\uefd7"],       "file": "mechanization:base/font/manual/index_icon/muffler_upgrade.png" },
		{ "type": "bitmap", "ascent": 16, "height": 16, "chars": ["\uefd8"],       "file": "mechanization:base/font/manual/page_icon/muffler_upgrade.png" },
		{ "type": "bitmap", "ascent": 8,  "height": 64, "chars": ["\uefd9\uefda"], "file": "mechanization:base/font/manual/recipe/muffler_upgrade.png" },
		{ "type": "bitmap", "ascent": 8,  "height": 18, "chars": ["\uefe1"],       "file": "mechanization:base/font/manual/index_icon/copper_cable.png" },
		{ "type": "bitmap", "ascent": 16, "height": 16, "chars": ["\uefe2"],       "file": "mechanization:base/font/manual/page_icon/copper_cable.png" },
		{ "type": "bitmap", "ascent": 8,  "height": 64, "chars": ["\uefe3\uefe4"], "file": "mechanization:base/font/manual/recipe/copper_cable.png" },
		{ "type": "bitmap", "ascent": 8,  "height": 18, "chars": ["\uefe5"],       "file": "mechanization:base/font/manual/index_icon/conductive_cable.png" },
		{ "type": "bitmap", "ascent": 16, "height": 16, "chars": ["\uefe6"],       "file": "mechanization:base/font/manual/page_icon/conductive_cable.png" },
		{ "type": "bitmap", "ascent": 8,  "height": 64, "chars": ["\uefe7\uefe8"], "file": "mechanization:base/font/manual/recipe/conductive_cable.png" },
		{ "type": "bitmap", "ascent": 8,  "height": 18, "chars": ["\uefea"],       "file": "mechanization:base/font/manual/index_icon/super_conductive_cable.png" },
		{ "type": "bitmap", "ascent": 16, "height": 16, "chars": ["\uefeb"],       "file": "mechanization:base/font/manual/page_icon/super_conductive_cable.png" },
		{ "type": "bitmap", "ascent": 8,  "height": 64, "chars": ["\uefec\uefed"], "file": "mechanization:base/font/manual/recipe/super_conductive_cable.png" },
		
		{ "type": "bitmap", "ascent": 8,  "height": 18, "chars": ["\uefee"],       "file": "mechanization:base/font/manual/index_icon/gps.png" },
		{ "type": "bitmap", "ascent": 16, "height": 16, "chars": ["\uefef"],       "file": "mechanization:base/item/gps.png" },
		{ "type": "bitmap", "ascent": 8,  "height": 64, "chars": ["\ueff0\ueff1"], "file": "mechanization:base/font/manual/recipe/gps.png" },
		
		{ "type": "bitmap", "ascent": 8,  "height": 18, "chars": ["\ueff2"],       "file": "mechanization:base/font/manual/index_icon/pressurized_chamber.png" },
		{ "type": "bitmap", "ascent": 16, "height": 16, "chars": ["\ueff3"],       "file": "mechanization:gadgets/item/pressurized_chamber.png" },
		{ "type": "bitmap", "ascent": 8,  "height": 64, "chars": ["\ueff4\ueff5"], "file": "mechanization:base/font/manual/recipe/pressurized_chamber.png" },
		
		{ "type": "bitmap", "ascent": 8,  "height": 18, "chars": ["\ueff6"],       "file": "mechanization:base/font/manual/index_icon/blazing_chamber.png" },
		{ "type": "bitmap", "ascent": 16, "height": 16, "chars": ["\ueff7"],       "file": "mechanization:gadgets/item/blazing_chamber.png" },
		{ "type": "bitmap", "ascent": 8,  "height": 64, "chars": ["\ueff8\ueff9"], "file": "mechanization:base/font/manual/recipe/blazing_chamber.png" },
		
		{ "type": "bitmap", "ascent": 8,  "height": 18, "chars": ["\ueffa"],       "file": "mechanization:base/font/manual/index_icon/accelerated_chamber.png" },
		{ "type": "bitmap", "ascent": 16, "height": 16, "chars": ["\ueffb"],       "file": "mechanization:gadgets/item/accelerated_chamber.png" },
		{ "type": "bitmap", "ascent": 8,  "height": 64, "chars": ["\ueffc\ueffd"], "file": "mechanization:base/font/manual/recipe/accelerated_chamber.png" },
		
		{ "type": "bitmap", "ascent": 8,  "height": 18, "chars": ["\ueffe"],       "file": "mechanization:base/font/manual/index_icon/sonic_barrel.png" },
		{ "type": "bitmap", "ascent": 16, "height": 16, "chars": ["\uefff"],       "file": "mechanization:gadgets/item/sonic_barrel.png" },
		{ "type": "bitmap", "ascent": 8,  "height": 64, "chars": ["\uf000\uf001"], "file": "mechanization:base/font/manual/recipe/sonic_barrel.png" },
		
		{
            "type": "bitmap",
            "file": "mechanization:base/font/manual/simplenergy_icon.png",
			"ascent": 8,
			"height": 32,
			"chars": ["\uf002"]
        },
		{
            "type": "bitmap",
            "file": "mechanization:base/font/manual/stardust_fragment_icon.png",
			"ascent": 8,
			"height": 32,
			"chars": ["\uf003"]
        },
		{
            "type": "bitmap",
            "file": "mechanization:base/font/manual/compat_icon.png",
			"ascent": 8,
			"height": 32,
			"chars": ["\uf007"]
        },
		{ "type": "bitmap", "ascent": 8,  "height": 18, "chars": ["\uf004"],       "file": "mechanization:base/font/manual/index_icon/simplunium_ore.png" },
		{ "type": "bitmap", "ascent": 8,  "height": 18, "chars": ["\uf005"],       "file": "mechanization:base/font/manual/index_icon/magic_alloys.png" },
		{ "type": "bitmap", "ascent": 8,  "height": 18, "chars": ["\uf006"],       "file": "mechanization:base/font/manual/index_icon/amethyst_dust.png" },
		{ "type": "bitmap", "ascent": 8,  "height": 18, "chars": ["\uf008"],       "file": "mechanization:base/font/manual/index_icon/pipe_wrench.png" },
		{ "type": "bitmap", "ascent": 16, "height": 16, "chars": ["\uf009"],       "file": "mechanization:base/item/pipe_wrench.png" },
		{ "type": "bitmap", "ascent": 8,  "height": 64, "chars": ["\uf00a\uf00b"], "file": "mechanization:base/font/manual/recipe/pipe_wrench.png" }
    ]
}