{
    "parent":"mechanization:base/model_block",
	"credit": "Made with Blockbench",
	"textures": {
		"1": "mechanization:base/block/t1_metal_plate",
		"2": "mechanization:base/block/t1_solid_dark",
		"4": "minecraft:block/blue_stained_glass"
	},
	"elements": [
		{
			"from": [0, 0, 0],
			"to": [16, 4, 16],
			"faces": {
				"north": {"uv": [0, 12, 16, 16], "texture": "#1"},
				"east": {"uv": [0, 12, 16, 16], "texture": "#1"},
				"south": {"uv": [0, 12, 16, 16], "texture": "#1"},
				"west": {"uv": [0, 12, 16, 16], "texture": "#1"},
				"up": {"uv": [0, 0, 16, 16], "texture": "#2"},
				"down": {"uv": [0, 0, 16, 16], "texture": "#1"}
			}
		},
		{
			"from": [0, 12, 0],
			"to": [16, 16, 16],
			"faces": {
				"north": {"uv": [0, 0, 16, 4], "texture": "#1"},
				"east": {"uv": [0, 0, 16, 4], "texture": "#1"},
				"south": {"uv": [0, 0, 16, 4], "texture": "#1"},
				"west": {"uv": [0, 0, 16, 4], "texture": "#1"},
				"up": {"uv": [0, 0, 16, 16], "texture": "#1"},
				"down": {"uv": [0, 0, 16, 16], "texture": "#2"}
			}
		},
		{
			"from": [12, 4, 0],
			"to": [16, 12, 4],
			"faces": {
				"north": {"uv": [0, 4, 4, 12], "texture": "#1"},
				"east": {"uv": [12, 4, 16, 12], "texture": "#1"},
				"south": {"uv": [12, 4, 16, 12], "texture": "#2"},
				"west": {"uv": [0, 4, 4, 12], "texture": "#2"}
			}
		},
		{
			"from": [12, 4, 12],
			"to": [16, 12, 16],
			"faces": {
				"north": {"uv": [0, 4, 4, 12], "texture": "#2"},
				"east": {"uv": [0, 4, 4, 12], "texture": "#1"},
				"south": {"uv": [12, 4, 16, 12], "texture": "#1"},
				"west": {"uv": [12, 4, 16, 12], "texture": "#2"}
			}
		},
		{
			"from": [0, 4, 12],
			"to": [4, 12, 16],
			"faces": {
				"north": {"uv": [12, 4, 16, 12], "texture": "#2"},
				"east": {"uv": [0, 4, 4, 12], "texture": "#2"},
				"south": {"uv": [0, 4, 4, 12], "texture": "#1"},
				"west": {"uv": [12, 4, 16, 12], "texture": "#1"}
			}
		},
		{
			"from": [4, 4, 4],
			"to": [12, 12, 12],
			"faces": {
				"north": {"uv": [4, 4, 12, 12], "texture": "#1"},
				"east": {"uv": [4, 4, 12, 12], "texture": "#1"},
				"south": {"uv": [4, 4, 12, 12], "texture": "#1"},
				"west": {"uv": [4, 4, 12, 12], "texture": "#1"}
			}
		},
		{
			"from": [1, 4, 1],
			"to": [15, 12, 15],
			"faces": {
				"north": {"uv": [4, 4, 12, 12], "texture": "#4"},
				"east": {"uv": [4, 4, 12, 12], "texture": "#4"},
				"south": {"uv": [4, 4, 12, 12], "texture": "#4"},
				"west": {"uv": [4, 4, 12, 12], "texture": "#4"}
			}
		},
		{
			"from": [0, 4, 0],
			"to": [4, 12, 4],
			"faces": {
				"north": {"uv": [12, 4, 16, 12], "texture": "#1"},
				"east": {"uv": [12, 4, 16, 12], "texture": "#2"},
				"south": {"uv": [0, 4, 4, 12], "texture": "#2"},
				"west": {"uv": [0, 4, 4, 12], "texture": "#1"}
			}
		}
	]
}